"DESCRIPTION","DURATION IN MS","NAME","PARENT SUITE","START TIME","STATUS","STOP TIME","SUB SUITE","SUITE","TEST CLASS","TEST METHOD"
"","18271","Validate test-aws_eks MCP Server sequential prompts on Obot","Connect MCP servers on Obot","Tue Dec 16 22:03:28 UTC 2025","broken","Tue Dec 16 22:03:47 UTC 2025","","","",""
"","18200","Validate test-aws MCP Server sequential prompts on Obot","Connect MCP servers on Obot","Tue Dec 16 22:02:34 UTC 2025","broken","Tue Dec 16 22:02:52 UTC 2025","","","",""
"","18315","Validate test-brave_search MCP Server sequential prompts on Obot","Connect MCP servers on Obot","Tue Dec 16 22:05:00 UTC 2025","broken","Tue Dec 16 22:05:18 UTC 2025","","","",""
"","18390","Validate test-firecrawl MCP Server sequential prompts on Obot","Connect MCP servers on Obot","Tue Dec 16 22:07:44 UTC 2025","broken","Tue Dec 16 22:08:03 UTC 2025","","","",""
"","18177","Validate test-wordpress MCP Server sequential prompts on Obot","Connect MCP servers on Obot","Tue Dec 16 22:10:47 UTC 2025","broken","Tue Dec 16 22:11:06 UTC 2025","","","",""
"","18268","Validate test-antv_charts MCP Server sequential prompts on Obot","Connect MCP servers on Obot","Tue Dec 16 22:02:15 UTC 2025","broken","Tue Dec 16 22:02:34 UTC 2025","","","",""
"","18216","Validate test-aws_documentation MCP Server sequential prompts on Obot","Connect MCP servers on Obot","Tue Dec 16 22:03:10 UTC 2025","broken","Tue Dec 16 22:03:28 UTC 2025","","","",""
"","18274","Validate test-aws_cdk MCP Server sequential prompts on Obot","Connect MCP servers on Obot","Tue Dec 16 22:02:52 UTC 2025","broken","Tue Dec 16 22:03:10 UTC 2025","","","",""
"","18121","Validate test-databricks_uc_functions MCP Server sequential prompts on Obot","Connect MCP servers on Obot","Tue Dec 16 22:06:13 UTC 2025","broken","Tue Dec 16 22:06:31 UTC 2025","","","",""
"","18314","Validate test-markitdown MCP Server sequential prompts on Obot","Connect MCP servers on Obot","Tue Dec 16 22:09:16 UTC 2025","broken","Tue Dec 16 22:09:34 UTC 2025","","","",""
"","18276","Validate test-aws_redshift MCP Server sequential prompts on Obot","Connect MCP servers on Obot","Tue Dec 16 22:04:23 UTC 2025","broken","Tue Dec 16 22:04:42 UTC 2025","","","",""
"","18341","Validate test-grafana MCP Server sequential prompts on Obot","Connect MCP servers on Obot","Tue Dec 16 22:08:58 UTC 2025","broken","Tue Dec 16 22:09:16 UTC 2025","","","",""
"","18365","Validate test-microsoft-docs MCP Server sequential prompts on Obot","Connect MCP servers on Obot","Tue Dec 16 22:09:34 UTC 2025","broken","Tue Dec 16 22:09:53 UTC 2025","","","",""
"","18272","Validate test-paperduty MCP Server sequential prompts on Obot","Connect MCP servers on Obot","Tue Dec 16 22:09:53 UTC 2025","broken","Tue Dec 16 22:10:11 UTC 2025","","","",""
"","18196","Validate test-redis MCP Server sequential prompts on Obot","Connect MCP servers on Obot","Tue Dec 16 22:10:11 UTC 2025","broken","Tue Dec 16 22:10:29 UTC 2025","","","",""
"","18392","Validate test-deepwiki MCP Server sequential prompts on Obot","Connect MCP servers on Obot","Tue Dec 16 22:06:49 UTC 2025","broken","Tue Dec 16 22:07:08 UTC 2025","","","",""
"","18307","Validate test-databricks_vector_search MCP Server sequential prompts on Obot","Connect MCP servers on Obot","Tue Dec 16 22:06:31 UTC 2025","broken","Tue Dec 16 22:06:49 UTC 2025","","","",""
"","18099","Validate test-databricks_genie MCP Server sequential prompts on Obot","Connect MCP servers on Obot","Tue Dec 16 22:05:55 UTC 2025","broken","Tue Dec 16 22:06:13 UTC 2025","","","",""
"","18341","Validate test-gitmcp MCP Server sequential prompts on Obot","Connect MCP servers on Obot","Tue Dec 16 22:08:21 UTC 2025","broken","Tue Dec 16 22:08:39 UTC 2025","","","",""
"","18177","Validate test-tavily_search MCP Server sequential prompts on Obot","Connect MCP servers on Obot","Tue Dec 16 22:10:29 UTC 2025","broken","Tue Dec 16 22:10:47 UTC 2025","","","",""
"","18336","Validate test-duckduckgo_search MCP Server sequential prompts on Obot","Connect MCP servers on Obot","Tue Dec 16 22:07:08 UTC 2025","broken","Tue Dec 16 22:07:26 UTC 2025","","","",""
"","18281","Validate test-chroma MCP Server sequential prompts on Obot","Connect MCP servers on Obot","Tue Dec 16 22:05:18 UTC 2025","broken","Tue Dec 16 22:05:36 UTC 2025","","","",""
"","18236","Validate test-bigquery MCP Server sequential prompts on Obot","Connect MCP servers on Obot","Tue Dec 16 22:04:42 UTC 2025","broken","Tue Dec 16 22:05:00 UTC 2025","","","",""
"","18331","Validate test-aws_kendra MCP Server sequential prompts on Obot","Connect MCP servers on Obot","Tue Dec 16 22:03:47 UTC 2025","broken","Tue Dec 16 22:04:05 UTC 2025","","","",""
"","18333","Validate test-exa_search MCP Server sequential prompts on Obot","Connect MCP servers on Obot","Tue Dec 16 22:07:26 UTC 2025","broken","Tue Dec 16 22:07:44 UTC 2025","","","",""
"","18271","Validate test-context7 MCP Server sequential prompts on Obot","Connect MCP servers on Obot","Tue Dec 16 22:05:36 UTC 2025","broken","Tue Dec 16 22:05:55 UTC 2025","","","",""
"","18307","Validate test-aws_knowledge MCP Server sequential prompts on Obot","Connect MCP servers on Obot","Tue Dec 16 22:04:05 UTC 2025","broken","Tue Dec 16 22:04:23 UTC 2025","","","",""
"","18377","Validate test-git lab MCP Server sequential prompts on Obot","Connect MCP servers on Obot","Tue Dec 16 22:08:03 UTC 2025","broken","Tue Dec 16 22:08:21 UTC 2025","","","",""
"","18362","Validate test-google_cloud_run MCP Server sequential prompts on Obot","Connect MCP servers on Obot","Tue Dec 16 22:08:39 UTC 2025","broken","Tue Dec 16 22:08:58 UTC 2025","","","",""
